"url","localPath","contentType","status","bytes","sourceHost","error"
"https://between.ghost.io/assets/built/screen.css?v=8fCOrkRX9XN0kXAx","/assets/archive/72de8da874faf10b8b22.css","text/css; charset=UTF-8","200","46057","between.ghost.io",""
"https://between.ghost.io/public/cards.min.css?v=zbOBSN8qHrr3rC6Y","/assets/archive/7bede20db6e5afa49f28.css","text/css","200","45401","between.ghost.io",""
"https://fonts.bunny.net/css?family=cardo:400,700|ibm-plex-serif:400,500,600","/assets/archive/528a5f6f1f4e9d08652e.css","text/css; charset=utf-8","200","12836","fonts.bunny.net",""
"https://storage.ghost.io/c/56/6e/566e9152-0c69-405c-b715-53941b13e781/content/images/size/w1200/2026/07/-------2026-07-16-------2.06.37.png","/assets/archive/143d5b603f6fe79825c6.png","image/png","200","1304891","storage.ghost.io",""
"https://fonts.bunny.net/cardo/files/cardo-latin-700-normal.woff2","/assets/archive/5dc12b503d5a29a44c35.woff2","font/woff2","200","19192","fonts.bunny.net",""
"https://fonts.bunny.net/ibm-plex-serif/files/ibm-plex-serif-latin-500-normal.woff2","/assets/archive/b82f2223fa67d7eff591.woff2","font/woff2","200","20308","fonts.bunny.net",""
"https://fonts.bunny.net/ibm-plex-serif/files/ibm-plex-serif-latin-400-normal.woff2","/assets/archive/a720f3a6a9dea7b88913.woff2","font/woff2","200","19580","fonts.bunny.net",""
"https://fonts.bunny.net/ibm-plex-serif/files/ibm-plex-serif-latin-600-normal.woff2","/assets/archive/2a9706d5afc510c8eb60.woff2","font/woff2","200","20516","fonts.bunny.net",""
"https://images.unsplash.com/photo-1605721911519-3dfeb3be25e7?crop=entropy&cs=tinysrgb&fit=max&fm=jpg&ixid=M3wxMTc3M3wwfDF8c2VhcmNofDZ8fGFydHxlbnwwfHx8fDE3ODQxNDA2OTB8MA&ixlib=rb-4.1.0&q=80&w=2000","/assets/archive/76a6bca38eea66a0a884.jpg","image/jpeg","200","1211835","images.unsplash.com",""
"https://storage.ghost.io/c/56/6e/566e9152-0c69-405c-b715-53941b13e781/content/images/2026/07/----------3.PNG","/assets/archive/b016d47dea1976fd8ec4.PNG","image/png","200","508217","storage.ghost.io",""
"https://between.ghost.io/assets/built/main.min.js?v=8do9454mfJT2PPzD","/assets/archive/9bbe47412e34c4c29831.js","application/javascript; charset=UTF-8","200","52082","between.ghost.io",""
"https://cdn.jsdelivr.net/ghost/announcement-bar@~1.1/umd/announcement-bar.min.js","/assets/archive/dc8745555d6fca391320.js","application/javascript; charset=utf-8","200","133217","cdn.jsdelivr.net",""
"https://storage.ghost.io/c/56/6e/566e9152-0c69-405c-b715-53941b13e781/content/images/size/w1200/2026/07/-------2026-07-16-------2.03.41.png","/assets/archive/7ff200b1ef06442bfabf.png","image/png","200","1221906","storage.ghost.io",""
"https://cdn.jsdelivr.net/ghost/sodo-search@~1.8/umd/sodo-search.min.js","/assets/archive/2b5f9a1bc3bf054c2c2b.js","application/javascript; charset=utf-8","200","266589","cdn.jsdelivr.net",""
"https://between.ghost.io/assets/fonts/Mona-Sans.woff2","/assets/archive/f697b6edc2a97b4347b4.woff2","font/woff2","200","133748","between.ghost.io",""
"https://storage.ghost.io/c/56/6e/566e9152-0c69-405c-b715-53941b13e781/content/images/size/w1200/2026/07/-------2026-07-16-------1.59.45.png","/assets/archive/568de11473071e093782.png","image/png","200","1449407","storage.ghost.io",""
"https://between.ghost.io/public/cards.min.js?v=D6OJpxckK_6QDJ1o","/assets/archive/bd33afa3b2f710be143e.js","application/javascript","200","6892","between.ghost.io",""
"https://between.ghost.io/public/comment-counts.min.js?v=oFYkaGLdiMqB8VN9","/assets/archive/20941bb5f5c816d63b1d.js","application/javascript","200","1519","between.ghost.io",""
"https://between.ghost.io/public/member-attribution.min.js?v=fGWxp7cZ6mmurhvN","/assets/archive/8b5ffa393f5e5d576ea2.js","application/javascript","200","3025","between.ghost.io",""
"https://between.ghost.io/public/ghost-stats.min.js?v=XExDLZJ3NKpv0kSa","/assets/archive/85fcfe280ccfb9dae1dc.js","application/javascript","200","39293","between.ghost.io",""
"https://cdn.jsdelivr.net/ghost/portal@~2.69/umd/portal.min.js","/assets/archive/2ae9c823771106b246af.js","application/javascript; charset=utf-8","200","2400848","cdn.jsdelivr.net",""
"https://storage.ghost.io/c/56/6e/566e9152-0c69-405c-b715-53941b13e781/content/images/size/w720/2026/07/-------2026-07-16-------2.06.37.png","/assets/archive/f32f925c611bdeaf91b1.png","image/png","200","1304891","storage.ghost.io",""
"https://storage.ghost.io/c/56/6e/566e9152-0c69-405c-b715-53941b13e781/content/images/size/w720/2026/07/-------2026-07-16-------2.03.41.png","/assets/archive/c901c728c030c7ff4f96.png","image/png","200","1221906","storage.ghost.io",""
"https://storage.ghost.io/c/56/6e/566e9152-0c69-405c-b715-53941b13e781/content/images/size/w720/2026/07/-------2026-07-16-------1.59.45.png","/assets/archive/eac18bec223d51915ba5.png","image/png","200","1449407","storage.ghost.io",""
"https://storage.ghost.io/c/56/6e/566e9152-0c69-405c-b715-53941b13e781/content/images/size/w300/2026/07/-------2026-07-16-------2.06.37.png","/assets/archive/e95a999d06b60a8589bf.png","image/png","200","286809","storage.ghost.io",""
"https://storage.ghost.io/c/56/6e/566e9152-0c69-405c-b715-53941b13e781/content/images/size/w960/2026/07/-------2026-07-16-------2.06.37.png","/assets/archive/7d5e81b6cca564b1493d.png","image/png","200","1304891","storage.ghost.io",""
"https://storage.ghost.io/c/56/6e/566e9152-0c69-405c-b715-53941b13e781/content/images/size/w2000/2026/07/-------2026-07-16-------2.06.37.png","/assets/archive/588d98e8408ba1fee3e2.png","image/png","200","1304891","storage.ghost.io",""
"https://storage.ghost.io/c/56/6e/566e9152-0c69-405c-b715-53941b13e781/content/images/size/w300/2026/07/-------2026-07-16-------2.03.41.png","/assets/archive/dee7c8b2cd0e89479a8f.png","image/png","200","291073","storage.ghost.io",""
"https://storage.ghost.io/c/56/6e/566e9152-0c69-405c-b715-53941b13e781/content/images/size/w960/2026/07/-------2026-07-16-------2.03.41.png","/assets/archive/64b488b28137b9d9d3fa.png","image/png","200","1221906","storage.ghost.io",""
"https://storage.ghost.io/c/56/6e/566e9152-0c69-405c-b715-53941b13e781/content/images/size/w2000/2026/07/-------2026-07-16-------2.03.41.png","/assets/archive/fa489e3ad402d65cfc5f.png","image/png","200","1221906","storage.ghost.io",""
"https://storage.ghost.io/c/56/6e/566e9152-0c69-405c-b715-53941b13e781/content/images/size/w300/2026/07/-------2026-07-16-------1.59.45.png","/assets/archive/db8431d228a3103475ea.png","image/png","200","251655","storage.ghost.io",""
"https://storage.ghost.io/c/56/6e/566e9152-0c69-405c-b715-53941b13e781/content/images/size/w960/2026/07/-------2026-07-16-------1.59.45.png","/assets/archive/45c0d92ba2fe2036da3b.png","image/png","200","1449407","storage.ghost.io",""
"https://storage.ghost.io/c/56/6e/566e9152-0c69-405c-b715-53941b13e781/content/images/size/w2000/2026/07/-------2026-07-16-------1.59.45.png","/assets/archive/50b1ccfa15838a0a29a0.png","image/png","200","1449407","storage.ghost.io",""
"https://between.ghost.io/public/cards.min.css?v=6c7911f303","/assets/archive/8952b4fb65464f4e55c4.css","text/css","200","45401","between.ghost.io",""
"https://between.ghost.io/public/cards.min.js?v=6c7911f303","/assets/archive/d90d1480e71df5ab6bc5.js","application/javascript","200","6892","between.ghost.io",""
"https://storage.ghost.io/c/56/6e/566e9152-0c69-405c-b715-53941b13e781/content/images/2026/07/-------------1.jpg","/assets/archive/f580a2ee524e3f2960b2.jpg","image/jpeg","200","48236","storage.ghost.io",""
"https://storage.ghost.io/c/56/6e/566e9152-0c69-405c-b715-53941b13e781/content/images/2026/07/-------------2.jpg","/assets/archive/14bb6cdfbfd6c21e6dd8.jpg","image/jpeg","200","48236","storage.ghost.io",""
"https://storage.ghost.io/c/56/6e/566e9152-0c69-405c-b715-53941b13e781/content/images/2026/07/------------.jpg","/assets/archive/c4f2c9ce222e1e112e21.jpg","image/jpeg","200","48236","storage.ghost.io",""
"https://storage.ghost.io/c/56/6e/566e9152-0c69-405c-b715-53941b13e781/content/images/2026/07/-------------3.jpg","/assets/archive/acec62d9961a3b07224e.jpg","image/jpeg","200","48236","storage.ghost.io",""
"https://storage.ghost.io/c/56/6e/566e9152-0c69-405c-b715-53941b13e781/content/images/2026/07/-------------4.jpg","/assets/archive/c311c77c4693c634e0f5.jpg","image/jpeg","200","48236","storage.ghost.io",""
"https://storage.ghost.io/c/56/6e/566e9152-0c69-405c-b715-53941b13e781/content/images/2026/07/-------------5.jpg","/assets/archive/546f889a124aac6e1933.jpg","image/jpeg","200","48236","storage.ghost.io",""
"https://storage.ghost.io/c/56/6e/566e9152-0c69-405c-b715-53941b13e781/content/images/size/w600/2026/07/------------.jpg","/assets/archive/bc3cf536c4b6dce7571f.jpg","image/jpeg","200","28051","storage.ghost.io",""
"https://storage.ghost.io/c/56/6e/566e9152-0c69-405c-b715-53941b13e781/content/images/size/w600/2026/07/-------------1.jpg","/assets/archive/6360e586603844ff37da.jpg","image/jpeg","200","28051","storage.ghost.io",""
"https://storage.ghost.io/c/56/6e/566e9152-0c69-405c-b715-53941b13e781/content/images/size/w600/2026/07/-------------2.jpg","/assets/archive/9a95489ae9eebaef74d3.jpg","image/jpeg","200","28051","storage.ghost.io",""
"https://storage.ghost.io/c/56/6e/566e9152-0c69-405c-b715-53941b13e781/content/images/size/w600/2026/07/-------------3.jpg","/assets/archive/6aa9def1178001b86525.jpg","image/jpeg","200","28051","storage.ghost.io",""
"https://storage.ghost.io/c/56/6e/566e9152-0c69-405c-b715-53941b13e781/content/images/size/w600/2026/07/-------------4.jpg","/assets/archive/c4af60b542c9edcf1106.jpg","image/jpeg","200","28051","storage.ghost.io",""
"https://storage.ghost.io/c/56/6e/566e9152-0c69-405c-b715-53941b13e781/content/images/size/w600/2026/07/-------------5.jpg","/assets/archive/80c93dbb22fcf3b0a3a8.jpg","image/jpeg","200","28051","storage.ghost.io",""
"https://storage.ghost.io/c/56/6e/566e9152-0c69-405c-b715-53941b13e781/content/images/size/w1200/2026/07/-------2026-07-16-------1.34.41.png","/assets/archive/93f2cdca3e7e640271b0.png","image/png","200","958332","storage.ghost.io",""
"https://storage.ghost.io/c/56/6e/566e9152-0c69-405c-b715-53941b13e781/content/images/size/w300/2026/07/-------2026-07-16-------1.34.41.png","/assets/archive/76db17fb5c1295c3882f.png","image/png","200","82522","storage.ghost.io",""
"https://storage.ghost.io/c/56/6e/566e9152-0c69-405c-b715-53941b13e781/content/images/size/w720/2026/07/-------2026-07-16-------1.34.41.png","/assets/archive/843eed87ef8cc4124029.png","image/png","200","395794","storage.ghost.io",""
"https://storage.ghost.io/c/56/6e/566e9152-0c69-405c-b715-53941b13e781/content/images/size/w960/2026/07/-------2026-07-16-------1.34.41.png","/assets/archive/cf3e7b309ec467dfd931.png","image/png","200","654311","storage.ghost.io",""
"https://storage.ghost.io/c/56/6e/566e9152-0c69-405c-b715-53941b13e781/content/images/size/w2000/2026/07/-------2026-07-16-------1.34.41.png","/assets/archive/7c66d7df4ae930fc3826.png","image/png","200","1305562","storage.ghost.io",""
"https://storage.ghost.io/c/56/6e/566e9152-0c69-405c-b715-53941b13e781/content/media/2026/07/EN-------------------.mp3_thumb.png","/assets/archive/d55bb0d098457eb5e3d3.png","image/png","200","2167768","storage.ghost.io",""
"https://storage.ghost.io/c/56/6e/566e9152-0c69-405c-b715-53941b13e781/content/media/2026/07/EN----------------------_thumb.png","/assets/archive/173b9134e7098757d5d4.png","image/png","200","2167768","storage.ghost.io",""
"https://storage.ghost.io/c/56/6e/566e9152-0c69-405c-b715-53941b13e781/content/media/2026/07/----------------------------_thumb.png","/assets/archive/49346c2328fee8a7082a.png","image/png","200","2167768","storage.ghost.io",""
"https://storage.ghost.io/c/56/6e/566e9152-0c69-405c-b715-53941b13e781/content/media/2026/07/-------------------------.mp3_thumb.png","/assets/archive/f9f95132f0800103e8c9.png","image/png","200","2167768","storage.ghost.io",""
"https://cdn.jsdelivr.net/ghost/comments-ui@~1.5/umd/comments-ui.min.js","/assets/archive/c54e37e443134e266466.js","application/javascript; charset=utf-8","200","849219","cdn.jsdelivr.net",""
"https://storage.ghost.io/c/56/6e/566e9152-0c69-405c-b715-53941b13e781/content/media/2026/07/EN-------------------.mp3.mp3","/assets/archive/7a2f79acdc70c69166d6.mp3","audio/mpeg","200","6533379","storage.ghost.io",""
"https://storage.ghost.io/c/56/6e/566e9152-0c69-405c-b715-53941b13e781/content/images/size/w1000/2026/07/IMG_9280-2.jpg","/assets/archive/ca921233b39991edd48b.jpg","image/jpeg","200","100345","storage.ghost.io",""
"https://storage.ghost.io/c/56/6e/566e9152-0c69-405c-b715-53941b13e781/content/images/2026/07/-------2026-07-15-------9.39.50.png","/assets/archive/d98815222bd729f7efa6.png","image/png","200","894120","storage.ghost.io",""
"https://storage.ghost.io/c/56/6e/566e9152-0c69-405c-b715-53941b13e781/content/media/2026/07/-------------------------_thumb.png","/assets/archive/d58b1d1f891f832a4752.png","image/png","200","2167768","storage.ghost.io",""
"https://storage.ghost.io/c/56/6e/566e9152-0c69-405c-b715-53941b13e781/content/media/2026/07/EN-------------------_thumb.png","/assets/archive/514aadbca7c6f127ef8e.png","image/png","200","2167768","storage.ghost.io",""
"https://storage.ghost.io/c/56/6e/566e9152-0c69-405c-b715-53941b13e781/content/media/2026/07/----------------------------.mp3","/assets/archive/a5f7f9b0eb6e983c52b3.mp3","audio/mpeg","200","2653881","storage.ghost.io",""
"https://storage.ghost.io/c/56/6e/566e9152-0c69-405c-b715-53941b13e781/content/media/2026/07/EN----------------------.mp3","/assets/archive/c31acd76686933c14388.mp3","audio/mpeg","200","3851334","storage.ghost.io",""
"https://storage.ghost.io/c/56/6e/566e9152-0c69-405c-b715-53941b13e781/content/media/2026/07/EN-------------------.mp3","/assets/archive/9ccf366dc23b2ac0e022.mp3","audio/mpeg","200","8322035","storage.ghost.io",""
"https://storage.ghost.io/c/56/6e/566e9152-0c69-405c-b715-53941b13e781/content/media/2026/07/-------------------------.mp3.mp3","/assets/archive/bbf2023c9fcd53d73e38.mp3","audio/mpeg","200","5237496","storage.ghost.io",""
"https://storage.ghost.io/c/56/6e/566e9152-0c69-405c-b715-53941b13e781/content/media/2026/07/-------------------------.mp3","/assets/archive/1330a1ae0e7843429db8.mp3","audio/mpeg","200","6723968","storage.ghost.io",""
"https://storage.ghost.io/c/56/6e/566e9152-0c69-405c-b715-53941b13e781/content/images/2026/07/-------2026-07-15-------9.25.09.png","/assets/archive/1a83b3adc98581616998.png","image/png","200","653456","storage.ghost.io",""
"https://storage.ghost.io/c/56/6e/566e9152-0c69-405c-b715-53941b13e781/content/images/2026/07/-------2026-07-21-------5.04.50.png","/assets/archive/e46fbb172630e35f22d7.png","image/png","200","1366440","storage.ghost.io",""
"https://storage.ghost.io/c/56/6e/566e9152-0c69-405c-b715-53941b13e781/content/images/2026/07/IMG_9280-2.jpg","/assets/archive/5b298f4cf9c54c7278b2.jpg","image/jpeg","200","245607","storage.ghost.io",""
"https://storage.ghost.io/c/56/6e/566e9152-0c69-405c-b715-53941b13e781/content/images/size/w600/2026/07/IMG_9280-2.jpg","/assets/archive/ef400332bd68210cb8b8.jpg","image/jpeg","200","44783","storage.ghost.io",""
"https://storage.ghost.io/c/56/6e/566e9152-0c69-405c-b715-53941b13e781/content/images/size/w1600/2026/07/IMG_9280-2.jpg","/assets/archive/2284a8cc4ef6605897f3.jpg","image/jpeg","200","207455","storage.ghost.io",""
"https://storage.ghost.io/c/56/6e/566e9152-0c69-405c-b715-53941b13e781/content/images/size/w2400/2026/07/IMG_9280-2.jpg","/assets/archive/05ac6173abdd63545fd2.jpg","image/jpeg","200","257478","storage.ghost.io",""
"https://storage.ghost.io/c/56/6e/566e9152-0c69-405c-b715-53941b13e781/content/images/size/w600/2026/07/-------2026-07-15-------9.39.50.png","/assets/archive/1df83165f066491ad9d1.png","image/png","200","669075","storage.ghost.io",""
"https://storage.ghost.io/c/56/6e/566e9152-0c69-405c-b715-53941b13e781/content/images/size/w600/2026/07/-------2026-07-21-------5.04.50.png","/assets/archive/1afed25bf682d4006bbc.png","image/png","200","732765","storage.ghost.io",""
"https://storage.ghost.io/c/56/6e/566e9152-0c69-405c-b715-53941b13e781/content/media/2026/07/-------------------------------3_thumb.png","/assets/archive/a9849f0d7a1e84e8f834.png","image/png","200","2557428","storage.ghost.io",""
"https://storage.ghost.io/c/56/6e/566e9152-0c69-405c-b715-53941b13e781/content/media/2026/07/-------------------------------3.mp3","/assets/archive/e8158fdf23612b2d69b8.mp3","audio/mpeg","200","2650120","storage.ghost.io",""
"https://storage.ghost.io/c/56/6e/566e9152-0c69-405c-b715-53941b13e781/content/images/icon/favicon_144x144-a48e6b25-201d-4520-ba40-e31bd2e4e95a.png","/assets/archive/4d7da8bfd13c3dc8a09f.png","application/octet-stream","200","5020","storage.ghost.io",""
"https://storage.ghost.io/c/56/6e/566e9152-0c69-405c-b715-53941b13e781/content/images/thumbnail/AIdro_l87hH_IPQMe7sXlXfbUOCTZNnt0mXswVmV1XUAVRK0GSE-s900-c-k-c0x00ffffff-no-rj-fedb478a-5629-4043-8520-058797ab2ae6","/assets/archive/ba28484488c99c119540","application/octet-stream","200","86607","storage.ghost.io",""
"https://storage.ghost.io/c/56/6e/566e9152-0c69-405c-b715-53941b13e781/content/images/2026/07/----------logo-1.PNG","/assets/archive/a2d69b3e4d612d5eb649.PNG","image/png","200","2207651","storage.ghost.io",""
"https://storage.ghost.io/c/56/6e/566e9152-0c69-405c-b715-53941b13e781/content/images/2026/07/6---15----3--1.png","/assets/archive/1c7230525f9ec1759266.png","image/png","200","3461250","storage.ghost.io",""
"https://storage.ghost.io/c/56/6e/566e9152-0c69-405c-b715-53941b13e781/content/images/size/w1000/2026/07/hf_20260622_093253_38799bd5-0490-4314-85b4-1d4721ebeed9_0-1.png","/assets/archive/eb5ffbf37b907b70fbb8.png","image/png","200","2154195","storage.ghost.io",""
"https://storage.ghost.io/c/56/6e/566e9152-0c69-405c-b715-53941b13e781/content/images/size/w1000/2026/07/690934CA-6A4D-4B87-BBA5-A0A05A5A3928.png","/assets/archive/67e39313ca59f9ab7a32.png","image/png","200","2180021","storage.ghost.io",""
"https://storage.ghost.io/c/56/6e/566e9152-0c69-405c-b715-53941b13e781/content/images/size/w1600/2026/07/---------_mori-1.JPG","/assets/archive/2119e29f11d6d9f2edd4.JPG","image/jpeg","200","254489","storage.ghost.io",""
"https://storage.ghost.io/c/56/6e/566e9152-0c69-405c-b715-53941b13e781/content/images/2026/07/hf_20260622_093253_38799bd5-0490-4314-85b4-1d4721ebeed9_0-1.png","/assets/archive/6565cddd1fae89613146.png","image/png","200","7777682","storage.ghost.io",""
"https://storage.ghost.io/c/56/6e/566e9152-0c69-405c-b715-53941b13e781/content/images/2026/07/690934CA-6A4D-4B87-BBA5-A0A05A5A3928.png","/assets/archive/a3d2499534aad8ff2fdf.png","image/png","200","2910595","storage.ghost.io",""
"https://storage.ghost.io/c/56/6e/566e9152-0c69-405c-b715-53941b13e781/content/images/2026/07/---------_mori-1.JPG","/assets/archive/538c75bb820284880255.JPG","image/jpeg","200","299096","storage.ghost.io",""
"https://storage.ghost.io/c/56/6e/566e9152-0c69-405c-b715-53941b13e781/content/images/size/w600/2026/07/----------logo-1.PNG","/assets/archive/995df7e7fe1d616ef910.PNG","image/png","200","334654","storage.ghost.io",""
"https://storage.ghost.io/c/56/6e/566e9152-0c69-405c-b715-53941b13e781/content/images/size/w1000/2026/07/----------logo-1.PNG","/assets/archive/5235c2d78674dd4689f6.PNG","image/png","200","966460","storage.ghost.io",""
"https://storage.ghost.io/c/56/6e/566e9152-0c69-405c-b715-53941b13e781/content/images/size/w600/2026/07/6---15----3--1.png","/assets/archive/232a7c1070940fdf010b.png","image/png","200","870923","storage.ghost.io",""
"https://storage.ghost.io/c/56/6e/566e9152-0c69-405c-b715-53941b13e781/content/images/size/w1000/2026/07/6---15----3--1.png","/assets/archive/5b9cf5bde9f43585a1ed.png","image/png","200","2394633","storage.ghost.io",""
"https://storage.ghost.io/c/56/6e/566e9152-0c69-405c-b715-53941b13e781/content/images/size/w600/2026/07/hf_20260622_093253_38799bd5-0490-4314-85b4-1d4721ebeed9_0-1.png","/assets/archive/70ac7e3dbff63e3a6bad.png","image/png","200","761791","storage.ghost.io",""
"https://storage.ghost.io/c/56/6e/566e9152-0c69-405c-b715-53941b13e781/content/images/size/w1600/2026/07/hf_20260622_093253_38799bd5-0490-4314-85b4-1d4721ebeed9_0-1.png","/assets/archive/f3dacb490336d03dede5.png","image/png","200","5407673","storage.ghost.io",""
"https://storage.ghost.io/c/56/6e/566e9152-0c69-405c-b715-53941b13e781/content/images/size/w600/2026/07/690934CA-6A4D-4B87-BBA5-A0A05A5A3928.png","/assets/archive/e4f4d7ea04dadb8bb417.png","image/png","200","958641","storage.ghost.io",""
"https://storage.ghost.io/c/56/6e/566e9152-0c69-405c-b715-53941b13e781/content/images/size/w600/2026/07/---------_mori-1.JPG","/assets/archive/a13741093efd5a5a4489.JPG","image/jpeg","200","44745","storage.ghost.io",""
"https://storage.ghost.io/c/56/6e/566e9152-0c69-405c-b715-53941b13e781/content/images/size/w1000/2026/07/---------_mori-1.JPG","/assets/archive/eff4459888b3898f93f3.JPG","image/jpeg","200","107399","storage.ghost.io",""
"https://storage.ghost.io/c/56/6e/566e9152-0c69-405c-b715-53941b13e781/content/media/2026/07/-------------------------------2_thumb.png","/assets/archive/e57f4d97f432e2c2bfcd.png","image/png","200","2167768","storage.ghost.io",""
"https://storage.ghost.io/c/56/6e/566e9152-0c69-405c-b715-53941b13e781/content/media/2026/07/-------------------------------2.mp3","/assets/archive/62a727e8c9e12567115b.mp3","audio/mpeg","200","2499028","storage.ghost.io",""
"https://storage.ghost.io/c/56/6e/566e9152-0c69-405c-b715-53941b13e781/content/media/2026/07/----------------------------------2_thumb.png","/assets/archive/b3e8ee5d4e5884cb1e71.png","image/png","200","2167768","storage.ghost.io",""
"https://storage.ghost.io/c/56/6e/566e9152-0c69-405c-b715-53941b13e781/content/media/2026/07/----------------------------------2.mp3","/assets/archive/8e141af590ea39f81c59.mp3","audio/mpeg","200","2198724","storage.ghost.io",""
"https://storage.ghost.io/c/56/6e/566e9152-0c69-405c-b715-53941b13e781/content/media/2026/07/------------------------------_thumb.png","/assets/archive/4327327996416c000c00.png","image/png","200","2167768","storage.ghost.io",""
"https://storage.ghost.io/c/56/6e/566e9152-0c69-405c-b715-53941b13e781/content/media/2026/07/------------------------------.mp3","/assets/archive/e6e1442a229bde0369a6.mp3","audio/mpeg","200","2198724","storage.ghost.io",""
"https://storage.ghost.io/c/56/6e/566e9152-0c69-405c-b715-53941b13e781/content/media/2026/07/----------------------------------1_thumb.png","/assets/archive/194e184bfcb9a3664729.png","image/png","200","2167768","storage.ghost.io",""
"https://storage.ghost.io/c/56/6e/566e9152-0c69-405c-b715-53941b13e781/content/media/2026/07/EN---------------------------_thumb.png","/assets/archive/558e072e9cb866980204.png","image/png","200","2167768","storage.ghost.io",""
"https://storage.ghost.io/c/56/6e/566e9152-0c69-405c-b715-53941b13e781/content/media/2026/07/----------------------------------1.mp3","/assets/archive/58b40a8d98f186c4aaef.mp3","audio/mpeg","200","1398123","storage.ghost.io",""
"https://storage.ghost.io/c/56/6e/566e9152-0c69-405c-b715-53941b13e781/content/media/2026/07/EN---------------------------.mp3","/assets/archive/99cb7ea8f9ea2d9aeb60.mp3","audio/mpeg","200","1880239","storage.ghost.io",""
"https://storage.ghost.io/c/56/6e/566e9152-0c69-405c-b715-53941b13e781/content/media/2026/07/---------------------------------.mp3","/assets/archive/3d5e1c376dca83cc0ba6.mp3","audio/mpeg","200","2198724","storage.ghost.io",""
"https://storage.ghost.io/c/56/6e/566e9152-0c69-405c-b715-53941b13e781/content/media/2026/07/---------------------------------_thumb.png","/assets/archive/5d7883c8097d5aa9a6b2.png","image/png","200","2167768","storage.ghost.io",""
"https://storage.ghost.io/c/56/6e/566e9152-0c69-405c-b715-53941b13e781/content/images/icon/----------2-3445d642-33b4-461e-a4b6-625d25a7715e.PNG","/assets/archive/bf8623247efc172fecd1.PNG","application/octet-stream","200","19541","storage.ghost.io",""
"https://storage.ghost.io/c/56/6e/566e9152-0c69-405c-b715-53941b13e781/content/images/icon/----------2-17d48911-bc7c-4635-9b08-70f9e273e6f5.PNG","/assets/archive/6ad8614bf76fe3d2ad42.PNG","application/octet-stream","200","19541","storage.ghost.io",""
"https://storage.ghost.io/c/56/6e/566e9152-0c69-405c-b715-53941b13e781/content/images/thumbnail/IMG_9233-2430d13a-65a9-4594-897c-0b295dc6cf9a.JPG","/assets/archive/da012b1058a184212752.JPG","application/octet-stream","200","392723","storage.ghost.io",""
"https://storage.ghost.io/c/56/6e/566e9152-0c69-405c-b715-53941b13e781/content/images/thumbnail/29E9516A-C530-447B-9A2D-75570B4F86A0-9f1bbd29-d38e-4633-a2a9-36d9e68a6d3b.PNG","/assets/archive/879d5739698192c86602.PNG","application/octet-stream","200","921263","storage.ghost.io",""
"https://storage.ghost.io/c/56/6e/566e9152-0c69-405c-b715-53941b13e781/content/images/icon/----------2-5a86f1ef-7b1c-4dca-82d4-c0ddb7860e92.PNG","/assets/archive/711e1c462ae268cb0a5e.PNG","application/octet-stream","200","19541","storage.ghost.io",""
"https://storage.ghost.io/c/56/6e/566e9152-0c69-405c-b715-53941b13e781/content/images/thumbnail/D1FB109C-F872-4D41-AD39-1B8208F2C10B-a5e06310-e4b5-428a-ab54-f4c01352381d.PNG","/assets/archive/cd39a3f640f395fb4b64.PNG","application/octet-stream","200","1995816","storage.ghost.io",""
"https://between.ghost.io/public/cards.min.css?v=9686b67e32","/assets/archive/c2604f2af435b1f4131b.css","text/css","200","45401","between.ghost.io",""
"https://between.ghost.io/public/cards.min.js?v=9686b67e32","/assets/archive/4389fb612d19b2425db3.js","application/javascript","200","6892","between.ghost.io",""
"https://storage.ghost.io/c/56/6e/566e9152-0c69-405c-b715-53941b13e781/content/images/2026/07/------1.jpg","/assets/archive/894e6f85c3a932150d2a.jpg","image/jpeg","200","231829","storage.ghost.io",""
"https://storage.ghost.io/c/56/6e/566e9152-0c69-405c-b715-53941b13e781/content/images/2026/07/-------2026-07-15-------10.43.41.png","/assets/archive/496dfdceb8aa598ff9e9.png","image/png","200","872321","storage.ghost.io",""
"https://storage.ghost.io/c/56/6e/566e9152-0c69-405c-b715-53941b13e781/content/images/2026/07/-------2026-07-15-------10.43.07.png","/assets/archive/1e3efbbdff8c04270c8b.png","image/png","200","427807","storage.ghost.io",""
"https://storage.ghost.io/c/56/6e/566e9152-0c69-405c-b715-53941b13e781/content/images/2026/07/-------2026-07-15-------10.45.55.png","/assets/archive/057e6ef1230b722d9152.png","image/png","200","399602","storage.ghost.io",""
"https://storage.ghost.io/c/56/6e/566e9152-0c69-405c-b715-53941b13e781/content/images/2026/07/-------2026-07-15-------10.46.38.png","/assets/archive/6e570eaffaa83e065c19.png","image/png","200","518492","storage.ghost.io",""
"https://storage.ghost.io/c/56/6e/566e9152-0c69-405c-b715-53941b13e781/content/images/size/w600/2026/07/------1.jpg","/assets/archive/4e885ac137b76d6ff166.jpg","image/jpeg","200","111463","storage.ghost.io",""
"https://storage.ghost.io/c/56/6e/566e9152-0c69-405c-b715-53941b13e781/content/images/size/w1000/2026/07/------1.jpg","/assets/archive/7e3e261feb6a754856c6.jpg","image/jpeg","200","224619","storage.ghost.io",""
"https://storage.ghost.io/c/56/6e/566e9152-0c69-405c-b715-53941b13e781/content/images/size/w600/2026/07/-------2026-07-15-------10.43.41.png","/assets/archive/665ac46b435a915c7a53.png","image/png","200","413172","storage.ghost.io",""
"https://storage.ghost.io/c/56/6e/566e9152-0c69-405c-b715-53941b13e781/content/images/size/w600/2026/07/-------2026-07-15-------10.43.07.png","/assets/archive/f82a480922f6b71d1496.png","image/png","200","317397","storage.ghost.io",""
"https://storage.ghost.io/c/56/6e/566e9152-0c69-405c-b715-53941b13e781/content/images/size/w600/2026/07/-------2026-07-15-------10.45.55.png","/assets/archive/b342c0e27a901be068e8.png","image/png","200","384091","storage.ghost.io",""
"https://storage.ghost.io/c/56/6e/566e9152-0c69-405c-b715-53941b13e781/content/images/size/w600/2026/07/-------2026-07-15-------10.46.38.png","/assets/archive/ba6beb544f36ac233ad6.png","image/png","200","461061","storage.ghost.io",""
"https://storage.ghost.io/c/56/6e/566e9152-0c69-405c-b715-53941b13e781/content/images/size/w1000/2026/07/-------2026-07-15-------9.09.32.png","/assets/archive/903e2c96986ba3e7bd06.png","image/png","200","712775","storage.ghost.io",""
"https://storage.ghost.io/c/56/6e/566e9152-0c69-405c-b715-53941b13e781/content/images/2026/07/-------2026-07-15-------9.09.32.png","/assets/archive/0bb3a4db385629c61da2.png","image/png","200","3561087","storage.ghost.io",""
"https://storage.ghost.io/c/56/6e/566e9152-0c69-405c-b715-53941b13e781/content/images/size/w600/2026/07/-------2026-07-15-------9.09.32.png","/assets/archive/28da44ebfb3c4ebd69d0.png","image/png","200","292859","storage.ghost.io",""
"https://storage.ghost.io/c/56/6e/566e9152-0c69-405c-b715-53941b13e781/content/images/size/w1600/2026/07/-------2026-07-15-------9.09.32.png","/assets/archive/20d24168017d73d130fe.png","image/png","200","1564180","storage.ghost.io",""
"https://storage.ghost.io/c/56/6e/566e9152-0c69-405c-b715-53941b13e781/content/images/size/w2400/2026/07/-------2026-07-15-------9.09.32.png","/assets/archive/2cf3bd66758ae14e48da.png","image/png","200","2205361","storage.ghost.io",""
"https://storage.ghost.io/c/56/6e/566e9152-0c69-405c-b715-53941b13e781/content/images/size/w1200/2026/07/-------2026-07-16-------1.55.28.png","/assets/archive/451cadf2e1f52a20213d.png","image/png","200","1199079","storage.ghost.io",""
"https://storage.ghost.io/c/56/6e/566e9152-0c69-405c-b715-53941b13e781/content/images/size/w1200/2026/07/-------2026-07-16-------1.51.02.png","/assets/archive/400fa2b7768d9fceb4f5.png","image/png","200","943344","storage.ghost.io",""
"https://storage.ghost.io/c/56/6e/566e9152-0c69-405c-b715-53941b13e781/content/images/size/w1200/2026/07/-------2026-07-16-------1.46.09.png","/assets/archive/91c6c3146ce97a877f0b.png","image/png","200","1362866","storage.ghost.io",""
"https://storage.ghost.io/c/56/6e/566e9152-0c69-405c-b715-53941b13e781/content/images/size/w1200/2026/07/-------2026-07-16-------1.41.08.png","/assets/archive/c8a6c7c0bf17c47a0759.png","image/png","200","2055983","storage.ghost.io",""
"https://storage.ghost.io/c/56/6e/566e9152-0c69-405c-b715-53941b13e781/content/images/size/w1200/2026/07/----------2.png","/assets/archive/ac15bd4ad250b37d0c95.png","image/png","200","3321684","storage.ghost.io",""
"https://storage.ghost.io/c/56/6e/566e9152-0c69-405c-b715-53941b13e781/content/images/size/w1200/2026/07/----------1.png","/assets/archive/1653c872327c9b1144d1.png","image/png","200","2253505","storage.ghost.io",""
"https://storage.ghost.io/c/56/6e/566e9152-0c69-405c-b715-53941b13e781/content/images/size/w720/2026/07/-------2026-07-16-------1.55.28.png","/assets/archive/ee37942830a1c82f73c3.png","image/png","200","1199079","storage.ghost.io",""
"https://storage.ghost.io/c/56/6e/566e9152-0c69-405c-b715-53941b13e781/content/images/size/w720/2026/07/-------2026-07-16-------1.51.02.png","/assets/archive/f7e8ad6dc2492f63fb32.png","image/png","200","943344","storage.ghost.io",""
"https://storage.ghost.io/c/56/6e/566e9152-0c69-405c-b715-53941b13e781/content/images/size/w720/2026/07/-------2026-07-16-------1.46.09.png","/assets/archive/7e92341d9ec952eff49b.png","image/png","200","515355","storage.ghost.io",""
"https://storage.ghost.io/c/56/6e/566e9152-0c69-405c-b715-53941b13e781/content/images/size/w720/2026/07/-------2026-07-16-------1.41.08.png","/assets/archive/7a4603017fb040c1cd48.png","image/png","200","786667","storage.ghost.io",""
"https://storage.ghost.io/c/56/6e/566e9152-0c69-405c-b715-53941b13e781/content/images/size/w720/2026/07/----------2.png","/assets/archive/eebd08b1ee81cade761d.png","image/png","200","1241366","storage.ghost.io",""
"https://storage.ghost.io/c/56/6e/566e9152-0c69-405c-b715-53941b13e781/content/images/size/w720/2026/07/----------1.png","/assets/archive/c090401a9b78d6f73932.png","image/png","200","833449","storage.ghost.io",""
"https://storage.ghost.io/c/56/6e/566e9152-0c69-405c-b715-53941b13e781/content/images/size/w300/2026/07/-------2026-07-16-------1.55.28.png","/assets/archive/ef60db81c6f47bf5aa02.png","image/png","200","254556","storage.ghost.io",""
"https://storage.ghost.io/c/56/6e/566e9152-0c69-405c-b715-53941b13e781/content/images/size/w960/2026/07/-------2026-07-16-------1.55.28.png","/assets/archive/35f2967d941250d0fd7b.png","image/png","200","1199079","storage.ghost.io",""
"https://storage.ghost.io/c/56/6e/566e9152-0c69-405c-b715-53941b13e781/content/images/size/w2000/2026/07/-------2026-07-16-------1.55.28.png","/assets/archive/fcb5ff46c9b956078f29.png","image/png","200","1199079","storage.ghost.io",""
"https://storage.ghost.io/c/56/6e/566e9152-0c69-405c-b715-53941b13e781/content/images/size/w300/2026/07/-------2026-07-16-------1.51.02.png","/assets/archive/d4a5a9472e7e367feb7f.png","image/png","200","296478","storage.ghost.io",""
"https://storage.ghost.io/c/56/6e/566e9152-0c69-405c-b715-53941b13e781/content/images/size/w960/2026/07/-------2026-07-16-------1.51.02.png","/assets/archive/98ff6058b47554fb2b92.png","image/png","200","943344","storage.ghost.io",""
"https://storage.ghost.io/c/56/6e/566e9152-0c69-405c-b715-53941b13e781/content/images/size/w2000/2026/07/-------2026-07-16-------1.51.02.png","/assets/archive/e8a0305fd0700ce479a0.png","image/png","200","943344","storage.ghost.io",""
"https://storage.ghost.io/c/56/6e/566e9152-0c69-405c-b715-53941b13e781/content/images/size/w300/2026/07/-------2026-07-16-------1.46.09.png","/assets/archive/968fd444eb24889afdbd.png","image/png","200","92395","storage.ghost.io",""
"https://storage.ghost.io/c/56/6e/566e9152-0c69-405c-b715-53941b13e781/content/images/size/w960/2026/07/-------2026-07-16-------1.46.09.png","/assets/archive/28fba6ec417c379c003c.png","image/png","200","900895","storage.ghost.io",""
"https://storage.ghost.io/c/56/6e/566e9152-0c69-405c-b715-53941b13e781/content/images/size/w2000/2026/07/-------2026-07-16-------1.46.09.png","/assets/archive/b5bed8aa8b9279ea59e6.png","image/png","200","1569241","storage.ghost.io",""
"https://storage.ghost.io/c/56/6e/566e9152-0c69-405c-b715-53941b13e781/content/images/size/w300/2026/07/-------2026-07-16-------1.41.08.png","/assets/archive/939b83ef4d66b194326d.png","image/png","200","156680","storage.ghost.io",""
"https://storage.ghost.io/c/56/6e/566e9152-0c69-405c-b715-53941b13e781/content/images/size/w960/2026/07/-------2026-07-16-------1.41.08.png","/assets/archive/dc2a538610c5ec41a181.png","image/png","200","1345052","storage.ghost.io",""
"https://storage.ghost.io/c/56/6e/566e9152-0c69-405c-b715-53941b13e781/content/images/size/w2000/2026/07/-------2026-07-16-------1.41.08.png","/assets/archive/06aca15bc963ab708278.png","image/png","200","4379230","storage.ghost.io",""
"https://storage.ghost.io/c/56/6e/566e9152-0c69-405c-b715-53941b13e781/content/images/size/w300/2026/07/----------2.png","/assets/archive/813fc06cac162d854cb3.png","image/png","200","207520","storage.ghost.io",""
"https://storage.ghost.io/c/56/6e/566e9152-0c69-405c-b715-53941b13e781/content/images/size/w960/2026/07/----------2.png","/assets/archive/e164d4aef8bc8e643f7b.png","image/png","200","2172944","storage.ghost.io",""
"https://storage.ghost.io/c/56/6e/566e9152-0c69-405c-b715-53941b13e781/content/images/size/w2000/2026/07/----------2.png","/assets/archive/d1a787d2e7c6668d62e2.png","image/png","200","8502429","storage.ghost.io",""
"https://storage.ghost.io/c/56/6e/566e9152-0c69-405c-b715-53941b13e781/content/images/size/w300/2026/07/----------1.png","/assets/archive/dbed9785807d04923591.png","image/png","200","154616","storage.ghost.io",""
"https://storage.ghost.io/c/56/6e/566e9152-0c69-405c-b715-53941b13e781/content/images/size/w960/2026/07/----------1.png","/assets/archive/956a3b036b9caa4e63a2.png","image/png","200","1458306","storage.ghost.io",""
"https://storage.ghost.io/c/56/6e/566e9152-0c69-405c-b715-53941b13e781/content/images/size/w2000/2026/07/----------1.png","/assets/archive/2ed9c95b2fa3df9677d1.png","image/png","200","5970161","storage.ghost.io",""
"https://storage.ghost.io/c/56/6e/566e9152-0c69-405c-b715-53941b13e781/content/images/size/w1200/2026/07/29E9516A-C530-447B-9A2D-75570B4F86A0.PNG","/assets/archive/ff25e4e22f4ddf6630be.PNG","image/png","200","921263","storage.ghost.io",""
"https://storage.ghost.io/c/56/6e/566e9152-0c69-405c-b715-53941b13e781/content/images/size/w1200/2026/07/IMG_9233.JPG","/assets/archive/6dfe033a98b22af47373.JPG","image/jpeg","200","392723","storage.ghost.io",""
"https://storage.ghost.io/c/56/6e/566e9152-0c69-405c-b715-53941b13e781/content/images/size/w1200/2026/07/D1FB109C-F872-4D41-AD39-1B8208F2C10B.PNG","/assets/archive/1a3a7517fd3cce79f36b.PNG","image/png","200","1995816","storage.ghost.io",""
"https://storage.ghost.io/c/56/6e/566e9152-0c69-405c-b715-53941b13e781/content/images/size/w720/2026/07/D1FB109C-F872-4D41-AD39-1B8208F2C10B.PNG","/assets/archive/ec6f3b9f17f011038cdd.PNG","image/png","200","758280","storage.ghost.io",""
"https://storage.ghost.io/c/56/6e/566e9152-0c69-405c-b715-53941b13e781/content/images/size/w720/2026/07/29E9516A-C530-447B-9A2D-75570B4F86A0.PNG","/assets/archive/42ddab510f31d8636a0e.PNG","image/png","200","376796","storage.ghost.io",""
"https://storage.ghost.io/c/56/6e/566e9152-0c69-405c-b715-53941b13e781/content/images/size/w720/2026/07/IMG_9233.JPG","/assets/archive/e9f207442853f6bfc927.JPG","image/jpeg","200","140794","storage.ghost.io",""
"https://storage.ghost.io/c/56/6e/566e9152-0c69-405c-b715-53941b13e781/content/images/size/w300/2026/07/D1FB109C-F872-4D41-AD39-1B8208F2C10B.PNG","/assets/archive/a697f43ab7717e55ec9c.PNG","image/png","200","130966","storage.ghost.io",""
"https://storage.ghost.io/c/56/6e/566e9152-0c69-405c-b715-53941b13e781/content/images/size/w960/2026/07/D1FB109C-F872-4D41-AD39-1B8208F2C10B.PNG","/assets/archive/9be69530030a4f0a4916.PNG","image/png","200","1330200","storage.ghost.io",""
"https://storage.ghost.io/c/56/6e/566e9152-0c69-405c-b715-53941b13e781/content/images/size/w2000/2026/07/D1FB109C-F872-4D41-AD39-1B8208F2C10B.PNG","/assets/archive/ae40a8f7282fb8714a4e.PNG","image/png","200","2136000","storage.ghost.io",""
"https://storage.ghost.io/c/56/6e/566e9152-0c69-405c-b715-53941b13e781/content/images/size/w300/2026/07/29E9516A-C530-447B-9A2D-75570B4F86A0.PNG","/assets/archive/adc5fc66e53b0cec3c34.PNG","image/png","200","71169","storage.ghost.io",""
"https://storage.ghost.io/c/56/6e/566e9152-0c69-405c-b715-53941b13e781/content/images/size/w960/2026/07/29E9516A-C530-447B-9A2D-75570B4F86A0.PNG","/assets/archive/727f43717f6f220f7e6b.PNG","image/png","200","639065","storage.ghost.io",""
"https://storage.ghost.io/c/56/6e/566e9152-0c69-405c-b715-53941b13e781/content/images/size/w2000/2026/07/29E9516A-C530-447B-9A2D-75570B4F86A0.PNG","/assets/archive/24c0cc9f49a27ffcafcf.PNG","image/png","200","960666","storage.ghost.io",""
"https://storage.ghost.io/c/56/6e/566e9152-0c69-405c-b715-53941b13e781/content/images/size/w300/2026/07/IMG_9233.JPG","/assets/archive/28cd9d075112cf85b743.JPG","image/jpeg","200","26195","storage.ghost.io",""
"https://storage.ghost.io/c/56/6e/566e9152-0c69-405c-b715-53941b13e781/content/images/size/w960/2026/07/IMG_9233.JPG","/assets/archive/b9b07b9ef4c12ea4aac0.JPG","image/jpeg","200","246855","storage.ghost.io",""
"https://storage.ghost.io/c/56/6e/566e9152-0c69-405c-b715-53941b13e781/content/images/size/w2000/2026/07/IMG_9233.JPG","/assets/archive/7043575fae8739b1f1b6.JPG","image/jpeg","200","937889","storage.ghost.io",""
"https://storage.ghost.io/c/56/6e/566e9152-0c69-405c-b715-53941b13e781/content/images/size/w1200/2026/07/IMG_9285.jpg","/assets/archive/539f4d96669f3cc154f7.jpg","image/jpeg","200","142097","storage.ghost.io",""
"https://storage.ghost.io/c/56/6e/566e9152-0c69-405c-b715-53941b13e781/content/images/size/w300/2026/07/IMG_9285.jpg","/assets/archive/5e7833b9f388c404e785.jpg","image/jpeg","200","12934","storage.ghost.io",""
"https://storage.ghost.io/c/56/6e/566e9152-0c69-405c-b715-53941b13e781/content/images/size/w720/2026/07/IMG_9285.jpg","/assets/archive/705d11e8cb51e0630de2.jpg","image/jpeg","200","55353","storage.ghost.io",""
"https://storage.ghost.io/c/56/6e/566e9152-0c69-405c-b715-53941b13e781/content/images/size/w960/2026/07/IMG_9285.jpg","/assets/archive/c7829fae0471617e4d58.jpg","image/jpeg","200","91939","storage.ghost.io",""
"https://storage.ghost.io/c/56/6e/566e9152-0c69-405c-b715-53941b13e781/content/images/size/w2000/2026/07/IMG_9285.jpg","/assets/archive/3dca108232e0500281ae.jpg","image/jpeg","200","298730","storage.ghost.io",""
"https://storage.ghost.io/c/56/6e/566e9152-0c69-405c-b715-53941b13e781/content/images/size/w1200/2026/07/----------4.PNG","/assets/archive/473cdf4ffe4b6242c30c.PNG","image/png","200","259573","storage.ghost.io",""
"https://storage.ghost.io/c/56/6e/566e9152-0c69-405c-b715-53941b13e781/content/images/size/w720/2026/07/----------4.PNG","/assets/archive/10332c613d69573c7bbb.PNG","image/png","200","107089","storage.ghost.io",""
"https://storage.ghost.io/c/56/6e/566e9152-0c69-405c-b715-53941b13e781/content/images/size/w300/2026/07/----------4.PNG","/assets/archive/3b4d99ee4a000a5ca4ad.PNG","image/png","200","25224","storage.ghost.io",""
"https://storage.ghost.io/c/56/6e/566e9152-0c69-405c-b715-53941b13e781/content/images/size/w960/2026/07/----------4.PNG","/assets/archive/3ecee3818927b78e3242.PNG","image/png","200","176307","storage.ghost.io",""
"https://storage.ghost.io/c/56/6e/566e9152-0c69-405c-b715-53941b13e781/content/images/size/w2000/2026/07/----------4.PNG","/assets/archive/fa4d231e89c2f04a3807.PNG","image/png","200","449497","storage.ghost.io",""
"https://storage.ghost.io/c/56/6e/566e9152-0c69-405c-b715-53941b13e781/content/images/size/w1200/2026/07/0618_------------_---------bannner_ok-1.jpg","/assets/archive/1926d4e5a5a85c161f04.jpg","image/jpeg","200","58167","storage.ghost.io",""
"https://storage.ghost.io/c/56/6e/566e9152-0c69-405c-b715-53941b13e781/content/images/size/w720/2026/07/0618_------------_---------bannner_ok-1.jpg","/assets/archive/25b5a909cc38381824f4.jpg","image/jpeg","200","24843","storage.ghost.io",""
"https://storage.ghost.io/c/56/6e/566e9152-0c69-405c-b715-53941b13e781/content/images/size/w300/2026/07/0618_------------_---------bannner_ok-1.jpg","/assets/archive/5c270aa71f3cc8eac0cb.jpg","image/jpeg","200","6005","storage.ghost.io",""
"https://storage.ghost.io/c/56/6e/566e9152-0c69-405c-b715-53941b13e781/content/images/size/w960/2026/07/0618_------------_---------bannner_ok-1.jpg","/assets/archive/490c92409c3ee8db53bc.jpg","image/jpeg","200","39392","storage.ghost.io",""
"https://storage.ghost.io/c/56/6e/566e9152-0c69-405c-b715-53941b13e781/content/images/size/w2000/2026/07/0618_------------_---------bannner_ok-1.jpg","/assets/archive/162c593d066967003b26.jpg","image/jpeg","200","96135","storage.ghost.io",""
"https://storage.ghost.io/c/56/6e/566e9152-0c69-405c-b715-53941b13e781/content/images/size/w1200/2026/07/IMG_9280.jpg","/assets/archive/84f767378a8234188420.jpg","image/jpeg","200","135458","storage.ghost.io",""
"https://storage.ghost.io/c/56/6e/566e9152-0c69-405c-b715-53941b13e781/content/images/size/w720/2026/07/IMG_9280.jpg","/assets/archive/8c56b34c84d12b193e83.jpg","image/jpeg","200","59615","storage.ghost.io",""
"https://storage.ghost.io/c/56/6e/566e9152-0c69-405c-b715-53941b13e781/content/images/size/w300/2026/07/IMG_9280.jpg","/assets/archive/d5a5f8bd1b5c1d594dfb.jpg","image/jpeg","200","14566","storage.ghost.io",""
"https://storage.ghost.io/c/56/6e/566e9152-0c69-405c-b715-53941b13e781/content/images/size/w960/2026/07/IMG_9280.jpg","/assets/archive/f6c55aab5fa60299dfcc.jpg","image/jpeg","200","93351","storage.ghost.io",""
"https://storage.ghost.io/c/56/6e/566e9152-0c69-405c-b715-53941b13e781/content/images/size/w2000/2026/07/IMG_9280.jpg","/assets/archive/c309a28b74eed672388e.jpg","image/jpeg","200","257478","storage.ghost.io",""
