"url","route","source","status","finalUrl","title","description","canonical"
"https://between.ghost.io/","/","sitemap-pages.xml","200","https://between.ghost.io/","Between Carbon and Silicon","2026.07.15~2026.07.19","https://between.ghost.io/"
"https://between.ghost.io/about/","/about/","sitemap-pages.xml","200","https://between.ghost.io/about/","碳矽之間 About this site","","https://between.ghost.io/about/"
"https://between.ghost.io/author/ariel/","/author/ariel/","sitemap-authors.xml","200","https://between.ghost.io/author/ariel/","Ariel - Between Carbon and Silicon","","https://between.ghost.io/author/ariel/"
"https://between.ghost.io/coming-soon/","/coming-soon/","sitemap-posts.xml","200","https://between.ghost.io/coming-soon/","碳矽之間 緣起","","https://between.ghost.io/coming-soon/"
"https://between.ghost.io/de-hua-bai-ci-zu-dehua-wares/","/de-hua-bai-ci-zu-dehua-wares/","sitemap-posts.xml","200","https://between.ghost.io/de-hua-bai-ci-zu-dehua-wares/","往昔異鄉｜德化白瓷組 Dehua wares","","https://between.ghost.io/de-hua-bai-ci-zu-dehua-wares/"
"https://between.ghost.io/gan-zhi-zhi-jian-between-perception/","/gan-zhi-zhi-jian-between-perception/","sitemap-posts.xml","200","https://between.ghost.io/gan-zhi-zhi-jian-between-perception/","感知之間 Between Perception","","https://between.ghost.io/gan-zhi-zhi-jian-between-perception/"
"https://between.ghost.io/gei-wei-lai-de-qing-shu-cheng-shi-de-bi-ji/","/gei-wei-lai-de-qing-shu-cheng-shi-de-bi-ji/","sitemap-posts.xml","200","https://between.ghost.io/gei-wei-lai-de-qing-shu-cheng-shi-de-bi-ji/","給未來的情書 | 城市的筆跡","","https://between.ghost.io/gei-wei-lai-de-qing-shu-cheng-shi-de-bi-ji/"
"https://between.ghost.io/gei-wei-lai-de-qing-shu-ci-hang/","/gei-wei-lai-de-qing-shu-ci-hang/","sitemap-posts.xml","200","https://between.ghost.io/gei-wei-lai-de-qing-shu-ci-hang/","給未來的情書 | 慈航","","https://between.ghost.io/gei-wei-lai-de-qing-shu-ci-hang/"
"https://between.ghost.io/gei-wei-lai-de-qing-shu-jiang-xin-zhi-mei/","/gei-wei-lai-de-qing-shu-jiang-xin-zhi-mei/","sitemap-posts.xml","200","https://between.ghost.io/gei-wei-lai-de-qing-shu-jiang-xin-zhi-mei/","給未來的情書 | 匠心之美","","https://between.ghost.io/gei-wei-lai-de-qing-shu-jiang-xin-zhi-mei/"
"https://between.ghost.io/gei-wei-lai-de-qing-shu-wen-ming-de-yuan-dian/","/gei-wei-lai-de-qing-shu-wen-ming-de-yuan-dian/","sitemap-posts.xml","200","https://between.ghost.io/gei-wei-lai-de-qing-shu-wen-ming-de-yuan-dian/","給未來的情書 | 文明的原點","","https://between.ghost.io/gei-wei-lai-de-qing-shu-wen-ming-de-yuan-dian/"
"https://between.ghost.io/gei-wei-lai-de-qing-shu-ying-zhao-wei-lai/","/gei-wei-lai-de-qing-shu-ying-zhao-wei-lai/","sitemap-posts.xml","200","https://between.ghost.io/gei-wei-lai-de-qing-shu-ying-zhao-wei-lai/","給未來的情書｜映照未來","","https://between.ghost.io/gei-wei-lai-de-qing-shu-ying-zhao-wei-lai/"
"https://between.ghost.io/gei-wei-lai-de-qing-shu-zhi-hui-zhi-wang/","/gei-wei-lai-de-qing-shu-zhi-hui-zhi-wang/","sitemap-posts.xml","200","https://between.ghost.io/gei-wei-lai-de-qing-shu-zhi-hui-zhi-wang/","給未來的情書 | 智慧之網","","https://between.ghost.io/gei-wei-lai-de-qing-shu-zhi-hui-zhi-wang/"
"https://between.ghost.io/gei-wei-lai-de-qing-shu-zhi-shi-de-hua-yuan/","/gei-wei-lai-de-qing-shu-zhi-shi-de-hua-yuan/","sitemap-posts.xml","200","https://between.ghost.io/gei-wei-lai-de-qing-shu-zhi-shi-de-hua-yuan/","給未來的情書 | 知識的花園","","https://between.ghost.io/gei-wei-lai-de-qing-shu-zhi-shi-de-hua-yuan/"
"https://between.ghost.io/gei-wei-lai-de-qing-shu-zhu-jing/","/gei-wei-lai-de-qing-shu-zhu-jing/","sitemap-posts.xml","200","https://between.ghost.io/gei-wei-lai-de-qing-shu-zhu-jing/","給未來的情書 | 築境","","https://between.ghost.io/gei-wei-lai-de-qing-shu-zhu-jing/"
"https://between.ghost.io/gei-wei-lai-de-qing-shu-zi-you-de-zhi-xu/","/gei-wei-lai-de-qing-shu-zi-you-de-zhi-xu/","sitemap-posts.xml","200","https://between.ghost.io/gei-wei-lai-de-qing-shu-zi-you-de-zhi-xu/","給未來的情書 ｜自由的秩序","","https://between.ghost.io/gei-wei-lai-de-qing-shu-zi-you-de-zhi-xu/"
"https://between.ghost.io/gong-chuang-zhi-jian-between-co-creation/","/gong-chuang-zhi-jian-between-co-creation/","sitemap-posts.xml","200","https://between.ghost.io/gong-chuang-zhi-jian-between-co-creation/","共創之間 Between Co-Creation","","https://between.ghost.io/gong-chuang-zhi-jian-between-co-creation/"
"https://between.ghost.io/page/2/","/page/2/","https://between.ghost.io/","200","https://between.ghost.io/page/2/","Between Carbon and Silicon (Page 2)","","https://between.ghost.io/page/2/"
"https://between.ghost.io/sheng-cheng-zhi-jian-between-generation/","/sheng-cheng-zhi-jian-between-generation/","sitemap-pages.xml","200","https://between.ghost.io/sheng-cheng-zhi-jian-between-generation/","生成之間 Between Generation","","https://between.ghost.io/sheng-cheng-zhi-jian-between-generation/"
"https://between.ghost.io/tag/ce-zhan-li-nian/","/tag/ce-zhan-li-nian/","sitemap-tags.xml","200","https://between.ghost.io/tag/ce-zhan-li-nian/","策展理念 - Between Carbon and Silicon","","https://between.ghost.io/tag/ce-zhan-li-nian/"
"https://between.ghost.io/tag/gan-zhi-zhi-jian/","/tag/gan-zhi-zhi-jian/","sitemap-tags.xml","200","https://between.ghost.io/tag/gan-zhi-zhi-jian/","感知之間 - Between Carbon and Silicon","","https://between.ghost.io/tag/gan-zhi-zhi-jian/"
"https://between.ghost.io/tag/gei-wei-lai-de-qing-shu/","/tag/gei-wei-lai-de-qing-shu/","sitemap-tags.xml","200","https://between.ghost.io/tag/gei-wei-lai-de-qing-shu/","給未來的情書 - Between Carbon and Silicon","","https://between.ghost.io/tag/gei-wei-lai-de-qing-shu/"
"https://between.ghost.io/tag/gong-chuang-zhi-jian/","/tag/gong-chuang-zhi-jian/","sitemap-tags.xml","200","https://between.ghost.io/tag/gong-chuang-zhi-jian/","共創之間 - Between Carbon and Silicon","","https://between.ghost.io/tag/gong-chuang-zhi-jian/"
"https://between.ghost.io/tag/tuan-dui-jie-shao/","/tag/tuan-dui-jie-shao/","sitemap-tags.xml","200","https://between.ghost.io/tag/tuan-dui-jie-shao/","團隊介紹 - Between Carbon and Silicon","","https://between.ghost.io/tag/tuan-dui-jie-shao/"
"https://between.ghost.io/tag/wang-xi-yi-xiang/","/tag/wang-xi-yi-xiang/","sitemap-tags.xml","200","https://between.ghost.io/tag/wang-xi-yi-xiang/","往昔異鄉 - Between Carbon and Silicon","","https://between.ghost.io/tag/wang-xi-yi-xiang/"
"https://between.ghost.io/tan-xi-zhi-jian-between-carbon-and-silicon/","/tan-xi-zhi-jian-between-carbon-and-silicon/","sitemap-pages.xml","200","https://between.ghost.io/tan-xi-zhi-jian-between-carbon-and-silicon/","碳矽之間 Between Carbon and Silicon","","https://between.ghost.io/tan-xi-zhi-jian-between-carbon-and-silicon/"
"https://between.ghost.io/wang-xi-yi-xiang-tai-wan-ye-niao-tong-hua-ji-bang-qiu-jing-dian-sai-xiao-ti-qin-jia-huang-jing/","/wang-xi-yi-xiang-tai-wan-ye-niao-tong-hua-ji-bang-qiu-jing-dian-sai-xiao-ti-qin-jia-huang-jing/","sitemap-posts.xml","200","https://between.ghost.io/wang-xi-yi-xiang-tai-wan-ye-niao-tong-hua-ji-bang-qiu-jing-dian-sai-xiao-ti-qin-jia-huang-jing/","往昔異鄉｜台灣野鳥/桐花季/棒球經典賽/小提琴家/黃荊","","https://between.ghost.io/wang-xi-yi-xiang-tai-wan-ye-niao-tong-hua-ji-bang-qiu-jing-dian-sai-xiao-ti-qin-jia-huang-jing/"
"https://between.ghost.io/wang-xi-yi-xiang-zhang-zhou-qing-hua-fan-chuan-wen-pan/","/wang-xi-yi-xiang-zhang-zhou-qing-hua-fan-chuan-wen-pan/","sitemap-posts.xml","200","https://between.ghost.io/wang-xi-yi-xiang-zhang-zhou-qing-hua-fan-chuan-wen-pan/","往昔異鄉｜漳州青花帆船紋盤","","https://between.ghost.io/wang-xi-yi-xiang-zhang-zhou-qing-hua-fan-chuan-wen-pan/"
"https://between.ghost.io/wei-lai-de-guo-qu-the-futures-past/","/wei-lai-de-guo-qu-the-futures-past/","sitemap-pages.xml","200","https://between.ghost.io/wei-lai-de-guo-qu-the-futures-past/","未來的過去 The Future's Past","","https://between.ghost.io/wei-lai-de-guo-qu-the-futures-past/"
"https://between.ghost.io/wen-ming-de-dian-cang-wang-xi-yi-xiang-past-is-a-foreign-land/","/wen-ming-de-dian-cang-wang-xi-yi-xiang-past-is-a-foreign-land/","sitemap-posts.xml","200","https://between.ghost.io/wen-ming-de-dian-cang-wang-xi-yi-xiang-past-is-a-foreign-land/","文明的典藏：往昔異鄉 Past Is a Foreign Land","","https://between.ghost.io/wen-ming-de-dian-cang-wang-xi-yi-xiang-past-is-a-foreign-land/"
"https://between.ghost.io/zhu-ban-dan-wei-host/","/zhu-ban-dan-wei-host/","sitemap-posts.xml","200","https://between.ghost.io/zhu-ban-dan-wei-host/","主辦單位 Host","","https://between.ghost.io/zhu-ban-dan-wei-host/"
